"","lad2014_code","adjrr_80_84_m","adjrr_85_89_m","adjrr_90p_m","adjrr_80_84_f","adjrr_85_89_f","adjrr_90p_f"
"1","E06000001",1.1466860269808,1.79347083718383,1.20489386792453,1.27138734685434,1.59071424375432,1.15863696224759
"7","E06000002",1.24992494421188,1.11482413501438,1.21917410973205,1.0482487029087,1.22385673316046,1.69468995592454
"13","E06000003",1.09412375172121,1.27118550112586,1.51472107438017,1.09618035493505,1.28193288673238,1.28560901147489
"19","E06000004",1.14234527961416,1.1316900123755,1.40095662213426,1.3468265538745,1.35783153837346,1.17237954798519
"25","E06000005",1.03015956271472,1.35112159039412,1.08893360160966,1.12210634711464,1.35997460222731,1.09170679874548
"31","E06000006",1.10613355510146,1.01070090126445,0.915756181713628,1.17729889885607,1.54370692385522,1.27417998317914
"37","E06000007",1.4056718259559,1.43822849189147,1.12162937464142,1.09260620548855,1.31163558863699,1.15154956689124
"43","E06000008",0.987485422482079,0.889840693755534,1.29871928002769,1.35837683931625,1.08270222720751,1.2222960323691
"49","E06000009",1.02511732544292,1.33569171883028,1.30041448909713,1.01832382518852,1.17842141256178,1.0572912855784
"55","E06000010",1.01067640125078,1.19358503256098,1.34415427882684,1.15338536632088,1.10380183449211,1.45295124360105
"61","E06000011",1.15874426358726,1.13675394488919,1.14092797515046,1.06029145331616,1.16315125187069,1.12718963106068
"67","E06000012",1.25591914049351,1.0400150916658,0.80186381852697,1.11680819622319,1.04707245620062,1.22205221514625
"73","E06000013",1.27374351875232,0.967720554464092,0.948652869972667,0.915164670252791,1.16655790449753,1.51961862852952
"79","E06000014",0.967892790413044,0.996673016880582,1.0511696270646,0.973533170462124,1.25353479667169,1.09491717661954
"85","E06000015",1.14235751307212,1.03260022463607,1.18971339105238,1.01920819236365,1.1189368523601,1.10644300035263
"91","E06000016",1.18307505813636,0.936545696057794,1.05230285770402,1.05320437915578,1.3309600169453,1.02011296765603
"97","E06000017",1.4291802559572,0.877877152377507,1.3448275862069,1.46711345760389,1.4712465232922,1.16364657957578
"103","E06000018",1.03919224976906,1.00895593739325,1.20576884013813,1.02888439051039,1.08805608829478,1.19427911152491
"109","E06000019",1.31597005030732,1.0319910612838,1.32677370623387,1.09584135664576,1.17596328377166,1.31099456099456
"115","E06000020",1.10243833049859,1.13831799682213,1.13269617706237,0.973581683513717,1.16271861126303,1.38922741911872
"121","E06000021",1.23390345005284,1.04988348300192,1.21638924455826,1.20722303597843,0.866529509514122,1.45676921629504
"127","E06000022",1.04835630229142,1.28617425104492,1.04967348370814,0.909418884049671,0.876265541427373,1.41887806516627
"133","E06000023",1.09763819645535,0.973170592721591,0.926167132414468,1.04641228215857,1.12309902969993,1.17485265225933
"139","E06000024",1.14247379896355,1.11061442204008,1.01508808651666,1.34780918732824,1.22705699669779,1.15797194278035
"145","E06000025",1.05739405881335,1.16783559501835,1.01786846347516,1.29871751414371,1.25535030947242,1.36628532429525
"151","E06000026",0.984986858490562,1.16796994295834,1.2028723751496,1.137104339812,1.16931654663632,0.973040752351097
"157","E06000027",0.962774935717743,1.06848269479924,1.06350267379679,1.29973841740196,1.05372333373143,1.21210736619542
"163","E06000028",1.51872751517478,0.999153239564257,1.05700781393509,1.32070373564193,0.919371230286871,1.22510078273282
"169","E06000029",1.2763452666883,1.23607602981445,1.09084734250297,1.00185896846472,1.28911605931095,1.43949397991455
"175","E06000030",1.08227089643193,1.11112589009496,0.888201193520887,0.90123180719119,1.3751817232349,0.977384801280167
"181","E06000031",1.14952000269773,1.19683886011673,0.975179260893547,1.12163947833306,1.45343908586041,1.23351715987986
"187","E06000032",1.21968089690068,1.14197151818586,1.012909632572,1.34128969462054,1.26965966724443,1.20594213196292
"193","E06000033",1.02927354952277,1.17078744329883,1.24653048495244,1.25782223158736,0.977380393757101,0.987472387145069
"199","E06000034",1.25053209415111,0.921059918454588,1.03342518881404,1.16263910600219,0.970162680089125,1.2403862579005
"205","E06000035",0.994224877582603,1.29695690930422,0.91924122148323,1.30226989440513,1.3538629871008,1.18641591581104
"211","E06000036",1.18191321241968,1.30799759977275,0.904774465840148,1.18778920939826,1.26997034382733,1.2366339577758
"217","E06000037",1.13555063164304,1.07648483014737,1.37555365318048,1.05767751457643,1.29765612153247,0.996424250571313
"223","E06000038",1.03019415264322,0.981350726562147,1.40052076068257,1.21289722463771,1.1959742292739,1.14699044174632
"229","E06000039",1.35986368762586,1.158833330963,1.13929618768328,1.11266663867886,1.18436795449137,1.15191135734072
"235","E06000040",1.18762501614292,1.07222806820263,1.19180496074233,1.27558264221252,1.08072018403913,1.25572868927589
"241","E06000041",0.996664688688625,1.13827891517822,1.08229522654614,1.18510060841876,1.08069622899792,1.01210051594224
"247","E06000042",1.11519929619254,1.50435004788464,1.26023529411765,1.20034849409208,1.2435066068109,1.25843149739998
"253","E06000043",1.20400618756049,0.989420501028584,1.11277797028189,1.35412337490095,1.45929201960291,1.17342471511468
"259","E06000044",1.14923331398775,0.997490407647349,1.0527731092437,0.86983582421692,1.33318801463043,0.963022630645745
"265","E06000045",0.96914259051608,1.09495006832461,0.896060266720961,1.06724895203979,1.25332912554376,1.23577193842028
"271","E06000046",1.25884131096523,1.21226927425329,1.05064386596511,0.980619226919379,1.15846156658236,1.16551724137931
"277","E06000047",1.02150412987,1.09703960853147,1.05460492013082,1.03799815911596,1.12346251766252,1.11539881894166
"283","E06000049",1.14162357698318,1.14358577277952,1.09913096200485,1.00090065389271,1.216743236772,1.35176287360628
"289","E06000050",0.976071102310332,0.950670006153864,1.13121532665397,1.14699199497094,1.10191300113708,1.21471965187204
"295","E06000051",0.900131219976456,0.856609916201019,1.10941619585687,1.22291642810878,0.998823239230465,1.15198582171296
"301","E06000052",1.05273715339071,1.10808588354998,1.10834770610555,0.991262942805563,1.10405364664457,1.17680924146924
"307","E06000053",0,0.8,NA,0,1.8,1.56818181818182
"313","E06000054",1.12654285860218,1.2954369402303,1.08472090414977,1.14963914642872,1.04629909124621,1.18578894317454
"319","E06000055",0.992841275862695,1.08276134516172,1.27879762493815,1.43108561803749,0.849934044073321,1.2396884272997
"325","E06000056",1.09726718231162,1.12293044355631,1.050496,1.19442273875552,0.948825924804358,1.10864126984127
"331","E06000057",1.12279133847997,1.10090197113643,1.15906805229635,1.19857468818798,1.07592091476522,1.23312280484956
"337","E07000004",1.00234675379879,1.26312719982543,1.28487348458172,1.1457507401643,1.12606249849206,1.10950137140446
"343","E07000005",0.910118772565522,0.899513614546529,1.2128124702975,1.07199326828693,0.907938389759141,0.912949921752739
"349","E07000006",1.08232424806263,1.05930502314165,1.17124183006536,1.53302075287026,1.27344632649152,1.61015211640212
"355","E07000007",1.18323149137076,0.944739532470783,1.36439888164026,1.13410667002837,1.22648324265291,1.20758811263499
"361","E07000008",1.57229839938572,0.927009380271919,1.39473684210526,1.14372930436144,1.04466007223035,1.32564925590896
"367","E07000009",0.928027643868114,1.66181796447531,0.835862068965517,1.23466118949632,1.2527671601457,1.17398002549936
"373","E07000010",0.97801160020938,1.60997019388073,1.08896321070234,1.24869118179177,1.15922914484247,1.00488922581579
"379","E07000011",1.02150453170805,1.05239181573249,1.13188405797101,1.14878698178772,0.984914006971583,1.2241690909559
"385","E07000012",0.879654196726343,1.20997787687353,1.00060231892787,1.08398271740838,1.25374809595625,1.07737799834574
"391","E07000026",1.0926952843962,1.16791695731365,1.00550148116801,0.923088072181026,1.68646653550012,1.34683627875172
"397","E07000027",0.860707224748012,1.0350987127989,1.46748183590289,0.971662577136326,1.0837454840297,1.30811526321149
"403","E07000028",0.995487636888455,1.49486269970635,1.10846062098419,1.53935883252169,1.36733732510133,1.24978860138677
"409","E07000029",0.976330749654218,0.837612420944595,1.03409090909091,1.72376700018269,1.50932761190315,1.32615249340535
"415","E07000030",0.974717253275424,1.79711789765912,1.38997493734336,1.77082935638393,0.768676107985473,1.33374384236453
"421","E07000031",0.780538988892776,0.820895798818012,1.05987244278684,0.988786280991851,1.12183457189854,1.17740274027403
"427","E07000032",0.896157914171654,1.02728499516424,1.05887547836326,1.12439817873093,1.04822989314223,1.11749554190608
"433","E07000033",1.1660911468414,0.80025182379349,1.42422535211268,1.26698934699246,0.930412715640589,1.07711282711283
"439","E07000034",1.03248317011772,1.04643838016069,1.15248387975661,1.0314079542829,1.25341080702203,1.07973055438201
"445","E07000035",1.02906831215685,0.934471596125652,0.757850368809273,1.21568623425453,1.04842245023631,1.17930024149337
"451","E07000036",0.916407218801697,1.33914644889789,1.12278829910198,1.13463007178845,1.08660491692423,1.16892012097492
"457","E07000037",1.59547673502658,1.31265372919213,1.375,1.10994353041586,1.17299651762531,1.66808823529412
"463","E07000038",0.919691834910484,1.20497369112926,1.19821766135566,1.59329889079822,1.57457887216208,1.06656840092423
"469","E07000039",1.09363173613933,1.39562832463124,1.0621766280107,1.48984468610546,1.19844722694151,1.54677145284622
"475","E07000040",1.02151147519781,1.10992780696582,1.29749204566723,1.0768745594651,0.948624314244817,1.09271721476338
"481","E07000041",0.952966427798388,1.00074206782704,1.421926910299,1.17326483317874,1.43810304704462,1.16877860551173
"487","E07000042",1.14045390590547,1.26455187439282,1.24253731343284,1.11617306119681,0.954140835015581,1.12886613326964
"493","E07000043",1.1873700639533,1.10901614439158,1.42196693751751,1.04738228998186,0.996553570470814,1.05975173574584
"499","E07000044",1.23207052471643,0.894012331117815,1.28615596015115,1.07369810895514,1.08456188585151,1.40252285451067
"505","E07000045",1.03791475236278,0.930180489311444,1.23411978221416,1.0758730985609,1.06587509706344,1.10012036327826
"511","E07000046",0.890716859349223,1.08134418316006,1.0719314355678,1.24978145732236,1.53383325181634,1.06305170239596
"517","E07000047",1.00393361467917,1.06403022853158,0.7875281260045,1.19508129238538,0.914599179553351,1.20680564644293
"523","E07000048",1.142000204552,1.39374986460892,1.09187510781439,1.33685867364615,1.02121194916823,1.23433218309144
"529","E07000049",1.06906798081469,1.08938160077911,0.962061560486757,1.24669010716476,1.31750840788741,1.28904501691387
"535","E07000050",0.943867299443587,1.13238819424773,1.29044117647059,1.77174584501575,1.05922894523569,1.29617722544914
"541","E07000051",1.43197620540526,1.72275839836368,1.07625139608082,2.82132210357269,1.5704035075275,1.04859335038363
"547","E07000052",1.12926989646465,1.06952362028862,1.01382805656363,1.0844326815242,0.936872817202146,1.22665064227833
"553","E07000053",1.10731861246197,1.26131758079878,0.757259865971705,1.25416029887085,0.803066482068806,1.11340970350404
"559","E07000061",1.19628034783954,0.961170653303535,1.29294157379264,1.35448319259392,0.959528356908574,1.14921794871795
"565","E07000062",1.04643553468923,1.09149480054583,0.993231046931408,1.64735100130507,1.34803407411687,1.17139001349528
"571","E07000063",0.800034972270103,1.17299280391088,1.13888091822095,1.07121572461672,1.30053804470276,0.942397776895594
"577","E07000064",1.43240960953136,0.963202252417111,1.1869194074818,1.28783546972648,1.1241800433002,1.30133515858342
"583","E07000065",1.16467445758361,1.23539490420708,1.00984758201091,1.25560844477436,1.21186827313854,1.02427579874914
"589","E07000066",1.33615564343592,1.20658160714943,0.794871794871795,1.12541271268128,1.15169113341438,1.2500790788891
"595","E07000067",1.23951947589029,1.29224070445526,1.20761840835676,1.24962349089799,1.21834451054604,1.05734975216853
"601","E07000068",1.87202332851246,1.30114314733707,1.04293144208038,0.891623117330282,1.18241792921192,1.29647340861775
"607","E07000069",1.20878222706233,0.93063564742264,1.24135723431498,1.12432165871619,1.03825759953357,1.59550786456945
"613","E07000070",1.01841421313655,0.923459997762308,1.35922330097087,1.03332116167895,1.38509262545642,1.19701310289767
"619","E07000071",1.01955787279102,1.10804879948831,0.939144189144189,1.06068143489635,1.2008667080994,1.01565822246522
"625","E07000072",1.42953416525849,1.25472549558753,1.1571568627451,1.25315189874283,1.12388927976488,1.19616284552236
"631","E07000073",1.06092609786441,1.5179189769838,0.754271476032273,1.10908731951864,0.982502142462098,1.14889456244228
"637","E07000074",1.40625402498067,1.28563531195821,0.984126984126984,1.66018710247464,1.23219083315321,0.893947963800905
"643","E07000075",1.33337198072313,1.55598408185594,1.39607602697731,0.836241168048637,1.1580265537797,1.56793850633779
"649","E07000076",1.02911876245836,1.18385876393799,1.25397129186603,0.967820839997254,1.10366217893608,1.27605416066955
"655","E07000077",1.28949432554883,0.994579842954508,1.10521266389511,2.387403670277,1.07604018863526,0.826855305466238
"661","E07000078",0.922226309006875,1.01405327937439,1.12814748201439,1.05544370825751,1.07065036646016,1.47223756906077
"667","E07000079",1.34157907766437,1.02228075503487,1.01465899370091,1.38662996428358,1.26364279716712,1.14091325792301
"673","E07000080",1.35258981924252,1.30449658291454,1.29300462249615,1.33952956033127,1.19750659063309,1.07461944983965
"679","E07000081",1.07604129595101,1.03441615699073,1.01611940298507,1.02723017857858,1.11105339738075,1.16290322580645
"685","E07000082",1.22405130548982,0.951071344383487,1.03365906623236,1.01897102429038,1.09819836205821,1.04456392857562
"691","E07000083",1.59300425475113,1.34262835311522,1.25571296748629,1.14813507309982,0.978401988313345,1.27765064836003
"697","E07000084",1.59349615696281,1.31235185781229,1.09781622234827,1.62021267985842,1.11210480470091,0.955607476635514
"703","E07000085",1.18073862320577,1.25607895126985,1.13969800813879,0.935625076589656,0.937564573076605,1.30587023686921
"709","E07000086",1.45397147729641,0.809334498072484,1.03251311012505,1.29706637908899,1.2521183496171,1.08678736635726
"715","E07000087",0.994259029131159,1.23845864608503,0.908461210571185,0.904648617210756,1.14020526877572,1.08752048217621
"721","E07000088",1.12950535791761,1.10275402298851,1.23519749122676,1.90451560588448,1.72517326540043,1.15535970114067
"727","E07000089",0.777827516896198,1.20998702041856,0.659109149277689,1.42159110446374,1.26125775508863,1.11389877421906
"733","E07000090",1.17671654864724,1.30092527027421,1.07287339714647,0.987714636689614,1.41102840962745,1.00913490025676
"739","E07000091",1.00184818513035,1.1412956530465,1.02302146559444,1.31379681180451,1.30816832578445,1.1308693309757
"745","E07000092",1.09309893854778,0.965009019773139,1.08520696414159,1.07919799854824,0.955157052705569,1.20588235294118
"751","E07000093",0.66219173240169,1.01014448899897,1.02507344401175,0.855250660196636,1.04233725939133,1.12522348033373
"757","E07000094",1.27114258369474,1.14420273627215,1.35172329053265,0.779767097806742,1.35071950718391,1.15226470533883
"763","E07000095",1.36582850761058,0.953287300284906,1.03710073710074,1.65702342122413,1.07800117822102,1.04786585365854
"769","E07000096",1.52394956459761,0.984260788461067,1.07867002692021,1.04458326660322,1.00346742980291,1.23329807195839
"775","E07000098",1.22229702928503,1.34088513295167,1.2953506097561,0.846721087906557,1.23224130909878,1.46360688629727
"781","E07000099",1.121203227797,1.0016792621421,1.23821243523316,1.20666304105645,1.1578441568629,1.26741219316475
"787","E07000102",1.40659367687239,1.50382873836605,0.791678072816863,1.47134624927661,1.11122015172101,1.29616760699051
"793","E07000103",1.73488226151147,1.85489154004963,0.930555555555556,1.77699319329833,1.49227579329274,1.27111535807188
"799","E07000105",1.31234233631281,1.31967776430387,1.40169224150294,0.960392575896289,1.13101237778674,1.12789807143354
"805","E07000106",1.14181413202163,1.15444486083791,1.33426086956522,1.49177699259324,1.24241080079378,1.27631782005776
"811","E07000107",1.80601021820664,1.66403484418403,1.81673306772908,1.27087161360706,1.54948976077001,1.25648323845667
"817","E07000108",1.14649740317656,1.18743866345412,1.11019719498049,1.21746849516696,1.04737632181493,1.26461657957916
"823","E07000109",0.865698589017188,0.997612015527509,0.850287779413733,1.55815041807259,0.79873974222761,1.11456496178718
"829","E07000110",0.83127821367789,1.32384701896477,1.05940594059406,1.12729453283565,1.11839845780966,1.10587068904469
"835","E07000111",0.927024160731737,1.07176794695618,0.901261852142297,1.12365260975064,1.13326698228642,1.33850598072233
"841","E07000112",1.18975529534389,1.0392568319454,1.1798344620015,1.649308693356,1.11124139262899,1.08517568522215
"847","E07000113",0.707897732430812,1.30647075372132,1.27220066037189,1.2205583230168,1.61941601117804,1.1067477625681
"853","E07000114",1.27844348885099,1.16525800090636,1.07486886027659,1.20030485187591,1.10682064079655,1.11280417814509
"859","E07000115",0.980537655718319,1.14788970098719,1.06361878316061,0.902688849413495,1.46912823149089,1.40962031213604
"865","E07000116",1.03217100102679,1.23483587585268,0.821027550260611,1.21718375523005,1.35053265565127,1.29325966850829
"871","E07000117",1.17050606487048,1.08563390432469,0.85880829015544,1.05805604830234,1.00051531211854,1.18181202600217
"877","E07000118",1.09216749403909,1.02439903603208,1.09581881533101,0.967138218425099,1.10784290469491,1.09004943047496
"883","E07000119",1.07369638439747,1.01964991306678,1.1117272996155,0.853685792706695,1.36332390816839,1.22615050365396
"889","E07000120",0.901316452144206,1.12609727776496,1.58040816326531,1.26469348847279,1.05599475518883,1.19359621287
"895","E07000121",0.860324432806306,1.20429848544272,1.55608542400995,1.1885538319441,1.12179940827492,1.11696577031134
"901","E07000122",0.717558987334252,1.04229172039525,1.26970189701897,1.02773259156609,1.03778411767557,1.2785645771032
"907","E07000123",1.23198642692954,1.25941083842884,0.996389730789802,0.985595906606597,0.939188659221447,1.2418653440743
"913","E07000124",0.861021163330009,1.41189726996481,0.884606716249718,1.14579578465301,1.19775971226142,0.997061829330608
"919","E07000125",1.56425935481594,1.60935430744079,1.55870967741935,1.06912225027912,1.45555575681205,1.16690519807648
"925","E07000126",1.37634586198919,1.36521711688721,0.983402732977538,0.774200970014223,0.93419111192583,1.17347029583392
"931","E07000127",1.0192255363645,1.19580430049986,1.07712066905615,1.07224227564037,1.0320817247725,0.889146431199411
"937","E07000128",0.853907290388345,1.13092829175947,0.702172949002217,1.43150277219173,1.13222974194733,1.09682605436541
"943","E07000129",1.14416896912304,1.21605781620374,1.10876494023904,0.850517140021132,1.00450049967797,0.908890067161541
"949","E07000130",1.01323177460822,1.13222669315985,1.02010867239978,1.10266233696559,1.03278484886177,1.04917265134289
"955","E07000131",1.09377813132167,1.00650244428256,0.953667953667954,1.36839432422635,0.982587748357944,1.75443937087773
"961","E07000132",1.39323562762956,0.822563205728251,0.958049886621315,1.03130865347181,1.1528019028811,1.48326180257511
"967","E07000133",0.824017234961759,1.08746363611793,1.22557947019868,0.796753075414524,1.62475983856345,1.15139918679742
"973","E07000134",0.824466146120498,1.37173226863794,1.03927203065134,1.27707014775524,1.37618147103814,1.10925846937325
"979","E07000135",0.894706477211137,1.00386491654715,0.981195652173913,1.65795342889638,1.04041434970134,1.08813279530448
"985","E07000136",1.34983971210622,1.31718396570029,0.999405822935235,1.35038175811608,0.954212486658637,1.22809082098851
"991","E07000137",0.957703352751075,1.11300123037591,0.990114447874762,1.13393308905107,0.828460248697135,1.43725605333149
"997","E07000138",0.973006867516071,1.50124073657242,1.08585858585859,1.10694768356091,1.046539677141,1.30856649348157
"1003","E07000139",1.00294004438081,1.40324264727227,0.893617021276596,1.28129641920354,1.11713808939115,1.22636577037985
"1009","E07000140",0.743437957656415,1.18099416202839,1.04054248507087,1.28154880802396,1.46391503877654,1.09949295774648
"1015","E07000141",1.12670047216562,1.05891605116909,0.743793911007026,1.15694620458221,1.14541339446322,1.27025889795464
"1021","E07000142",0.703196795067416,0.925408348271015,1.25728770595691,1.28207909560975,1.31460019643505,1.22771077384731
"1027","E07000143",1.07253477290155,1.22938434863282,1.01698608428663,1.37049575548867,1.05650336745783,1.27606776425674
"1033","E07000144",1.22693897985584,1.17247716940607,1.29964546232528,1.16295454138116,0.916911607013455,1.14660299544172
"1039","E07000145",1.11490497170249,1.37942856578127,0.961330331397875,0.984076368429383,1.11962925856312,1.15096145803322
"1045","E07000146",1.0812737218378,1.15719630780367,1.10346695557963,0.953920032362315,1.24513707401141,0.99038060233989
"1051","E07000147",1.13266200588617,1.2133433384573,0.935862309913024,1.24432573548279,1.01628605881492,1.05088380357198
"1057","E07000148",1.32485759875628,1.02369758552177,0.908045977011494,1.09911988690424,1.23104914285025,1.29396076780012
"1063","E07000149",1.2540611753346,1.09160296865269,1.53374165788549,1.2515119906868,0.878402817997691,1.17728195621469
"1069","E07000150",0.912552289611656,0.94231456043956,0.956255224296461,0.978470205620784,1.47463235724971,1.13595384060584
"1075","E07000151",0.975822068905122,0.931922043929543,1.25103896103896,0.943637695641794,1.32837802394052,1.12922268907563
"1081","E07000152",1.47395754850743,1.34957746832597,1.17583333333333,1.38699239757075,1.53709664380246,1.05534559694017
"1087","E07000153",1.06361903528068,1.38806742787069,0.946236559139785,1.42606111639791,1.0382865696737,1.27131782945736
"1093","E07000154",1.06757327431121,1.14373675148095,1.16120823798627,0.898214970416434,1.15735208575854,1.10747021081577
"1099","E07000155",1.50447698300965,1.43260914602958,1.28991725406068,0.892036054897899,1.17260986455429,1.12744418718629
"1105","E07000156",1.03707024207902,0.935591639933729,0.822616185897436,1.06583880955711,1.27670447613996,0.895036963577353
"1111","E07000163",0.885555246809992,1.59963130897836,1.25659768369091,1.20815349836775,1.15350133204702,1.14865530048776
"1117","E07000164",1.05448707144236,1.40341702190009,1.18657106970902,1.1174420051656,1.03288650702285,1.19465906895886
"1123","E07000165",0.998316977374957,0.992973878338503,1.09236111111111,1.06881927673795,1.05487758626737,1.21705758070124
"1129","E07000166",1.14607533908948,1.07983668961639,0.989665653495441,1.29352823309911,1.80720414187712,1.13886278195489
"1135","E07000167",1.17107512077219,1.23917969626162,1.1672203765227,1.08509580628805,1.22960546635563,1.08424470266576
"1141","E07000168",1.5210252042842,1.20227145052756,1.22930574098798,1.11471524501903,1.1197579964593,1.07448816611006
"1147","E07000169",1.0258067832804,0.892475834423573,1.13450508788159,1.28676381390597,0.906639876010612,1.24737040606797
"1153","E07000170",1.10568060723093,1.28035915211524,1.05535294117647,1.19584130134484,1.30528246942119,1.44795927062031
"1159","E07000171",1.3258471043087,1.13008949538987,0.953571428571429,1.21275114726596,1.1186504067999,1.20618178565038
"1165","E07000172",1.37689110753429,1.08886284263541,1.13541417523718,1.24931409441223,1.39779947260824,1.34880007341807
"1171","E07000173",1.4964899748362,1.06776849630287,1.35451505016722,1.0527962635899,1.05822654035645,1.10214777792787
"1177","E07000174",1.35712891159,1.28722638496132,1.0102766798419,0.816050290924242,1.30445169770745,1.24224921430392
"1183","E07000175",0.89224827399342,1.27589314960471,1.01261043570188,1.00291894514363,1.20124862070553,1.3827704865557
"1189","E07000176",0.718322820602685,1.31388066124908,0.9374321880651,1.35435876456336,1.20905193803874,1.14163614163614
"1195","E07000177",1.02352945939057,0.867273799640065,0.872881895782902,1.00065560548044,1.07611064242919,1.04372405372405
"1201","E07000178",1.09306233369981,1.44781559154921,1.0998353909465,1.25002369656651,1.23494594170626,1.10842726784756
"1207","E07000179",1.47944148525603,1.13471236112733,1.38957137623641,0.998190419433874,1.02129013608434,1.36746259222529
"1213","E07000180",1.00086279749125,1.06807469440394,0.985395189003436,0.959449680338337,1.06944693635474,1.24674038376253
"1219","E07000181",0.800530646015212,0.931271178805053,0.801014119229045,0.90793052886289,0.842000671161271,1.1217544120195
"1225","E07000187",1.19841132470635,1.04669941827158,1.14177777777778,1.07396384962413,1.36464607936156,1.20772313296903
"1231","E07000188",1.01326983437257,1.37495533060957,0.795864661654135,1.2923107812082,1.16209206255413,1.33412042502952
"1237","E07000189",0.950129094278793,0.951179187047293,0.908665437526592,1.08164782804416,1.04526571199711,1.20187791334045
"1243","E07000190",1.50558112340741,1.2247265453979,1.00409006403636,1.19595605553622,1.02720590346408,1.23587982086178
"1249","E07000191",1.21135894253829,1.11880160439362,1.20481927710843,1.74389381256851,1.77835620249807,0.955614051012072
"1255","E07000192",1.31747086797192,1.51249784551969,1.13208844082942,0.757200441973129,1.51559398399024,1.43319463707813
"1261","E07000193",0.892901023489071,1.09246127369842,1.00979978925184,1.25638481803522,1.11764692185068,1.14842468709538
"1267","E07000194",0.89065952998811,1.30470432893273,1.11010046965103,1.30558618691173,0.949213054901883,1.2131123388582
"1273","E07000195",1.43479858529972,1.26827426609713,0.851553509781358,1.52414509958235,1.17261688505496,1.43634417609009
"1279","E07000196",1.37301530604486,1.32666835282323,0.95633971291866,1.45539186054357,1.15645424676274,1.04871594437791
"1285","E07000197",1.07314970125449,1.14462698268481,0.944940476190476,1.18296702935227,1.29678502888328,1.05349613265385
"1291","E07000198",1.20387887388443,1.20799024428544,1.6332208052013,1.08789658888154,1.28465221207592,1.23130560447997
"1297","E07000199",1.42993482170495,1.26806959993444,0.994698660714286,1.61655633932822,0.955799284174857,0.930843989769821
"1303","E07000200",1.14687205485432,1.25564375913941,0.989683098591549,1.33948862592745,1.00354660359379,1.09265409513088
"1309","E07000201",1.04617539947882,1.06803867417723,1.22062732589048,1.5144917722517,1.23708967190294,1.58570430268543
"1315","E07000202",0.7537795846309,0.990408846491208,1.13333333333333,1.44076366802093,1.1654434577034,1.65404480496847
"1321","E07000203",0.865303094145696,0.843933037721502,1.26978281397545,1.06551558462261,1.48781878771305,0.94483024691358
"1327","E07000204",0.865264476049229,1.26259400291376,1.1104274611399,1.11165707581479,1.60807208920919,1.1599553218942
"1333","E07000205",1.05190511509951,1.11154485200974,1.17757466949567,1.07699404372937,1.34901656757682,1.1584222602152
"1339","E07000206",0.833765483230078,1.43269758779084,0.98689789687924,1.60590169853536,1.02123172343165,1.200819044703
"1345","E07000207",1.34240768687624,1.01390800021243,1.17052208835341,1.30611194273895,1.14658400892128,1.23709652268829
"1351","E07000208",1.53438110351595,1.02827634705228,1.02084556664709,1.22606505568592,1.10107106313235,1.29534113696778
"1357","E07000209",0.961154319474708,1.17590900789384,1.05304829770388,0.949196449826173,0.971722475768927,0.957322618166438
"1363","E07000210",0.993950495467047,1.17912621232186,0.924608819345661,0.93380053723915,0.888648793869244,1.30369989722508
"1369","E07000211",1.04396426985978,1.28789202885826,1.35906369080022,0.932743950648313,1.40698414100253,1.33631601920559
"1375","E07000212",1.01474003523751,1.19565656544218,1.13170136505758,0.917137478786124,1.11741790285594,1.30718119090212
"1381","E07000213",1.17564873678221,1.21456797373636,1.00413995726496,1.16808081929224,1.43709430349805,1.02096036585366
"1387","E07000214",1.04778173789738,1.25704302753723,0.919354838709677,1.59388523738975,1.17411536517636,1.00270850093859
"1393","E07000215",1.5531978096327,1.01702710675693,0.794294294294294,1.14287889502224,1.39381970260003,1.06455495377209
"1399","E07000216",1.17384090391753,1.27616786991321,1.15876956287102,1.08414396331782,1.28487778327899,1.12779712952848
"1405","E07000217",1.6158782359033,1.47449216780105,0.801742919389978,0.986478125467724,1.12878962279313,0.871653543307087
"1411","E07000218",1.17876026898967,1.043009860179,1.21184230710232,1.39244429868594,1.47508570464197,1.33850020946795
"1417","E07000219",1.39831711610403,1.37512589908903,1.26349039220848,1.05717053024946,1.29798273273804,1.53587443946188
"1423","E07000220",1.28885895593574,1.44766177560714,1.34808467741935,1.1161130700326,1.74333697111339,1.10487311924545
"1429","E07000221",1.10354453498301,1.582851718187,1.28956909775485,1.44637850574245,1.19373776954489,1.27658566881453
"1435","E07000222",0.973540567210875,1.06786641304653,1.12156862745098,1.2805571467432,1.14683945555577,0.973002973644548
"1441","E07000223",0.923771973994328,1.19327290284823,1.35408560311284,1.36846095571831,0.942278885473734,1.33470695970696
"1447","E07000224",1.02209684617121,1.06563545157084,1.36470588235294,1.27390852942159,1.03975259587503,1.2080378250591
"1453","E07000225",1.12250060088245,1.05269834403613,1.2888237384506,1.3128663131133,1.07356650348691,1.14467975539105
"1459","E07000226",1.5164509684954,0.987029583725002,1.05882352941176,1.03559312841203,1.19375633509517,0.971972789115646
"1465","E07000227",1.01282762795911,1.29366601200111,0.947157190635451,1.5670521746587,1.2042378716542,1.24156838402648
"1471","E07000228",1.14575405867835,0.965142656796068,1.22419545797008,1.31318621888921,1.37074191208385,1.20815479166799
"1477","E07000229",1.21828837395246,1.03440393781578,1.19243272530251,1.22317290535326,1.03627416054644,1.28493459913717
"1483","E07000234",1.12741492250032,0.956618856631509,1.15783106809934,1.34786950908163,1.03844628624048,1.22387830567756
"1489","E07000235",1.14006792994935,1.19605406838297,1.19033927544566,1.38146158416265,1.30847889443248,1.08369974874372
"1495","E07000236",0.975501970799668,2.24788667044683,1.64613496932515,1.02340428496607,2.13320268547943,1.37102334285433
"1501","E07000237",1.34282155220853,1.48057201145849,1.02332285115304,1.17240112206812,0.941502359045966,1.1236808780076
"1507","E07000238",1.13305389169253,1.35519979231163,1.07793371155569,1.27724476117038,0.99172975247291,0.965902518534098
"1513","E07000239",1.22691504914227,1.27053350311262,0.837837837837838,1.11770220000452,1.56509279915382,1.21578268298637
"1519","E07000240",1.26565848621105,1.36983943030075,1.26003616636528,1.2895920240959,1.15319842251569,1.34306143294907
"1525","E07000241",1.2645548021076,1.3571012266362,1.17502787068004,1.24998333472653,1.47794899472552,1.24916247906198
"1531","E07000242",1.03622086129203,1.06990496002128,1.18275862068966,1.52766741651085,1.18793483309646,1.24455646572849
"1537","E07000243",1.37528169922654,1.04196504513199,0.990084713130535,1.50977766918059,0.971984017965603,1.14633413461538
"1543","E08000001",1.04323305001534,1.17447627583998,1.39813713832739,1.24138642633161,1.14010264955545,1.16995747307584
"1549","E08000002",1.11117784342539,1.12273209249043,0.854153647670692,1.1517715719461,1.30857264565892,1.20298075853631
"1555","E08000003",1.21443906081481,0.99961492439697,1.04874517778391,1.01617586164915,1.26798686454829,1.05059422305008
"1561","E08000004",0.805226947118395,1.14717538791313,1.1558206499383,1.28185322244213,1.30795175402911,1.07345924169262
"1567","E08000005",1.23953096626405,1.42140164134501,0.940825540148339,1.15007976374217,0.990529102116488,1.19656624554584
"1573","E08000006",1.31119845527965,1.15131751298278,1.26132278936017,0.903979057691152,1.11208488678647,1.05250359664891
"1579","E08000007",1.00994809619166,1.0623593663426,1.18051165841732,1.06370672750175,0.975457146631272,1.23224340610491
"1585","E08000008",1.32344981915645,1.06750583158782,1.15336012595293,0.965796265924598,1.13082911177331,1.10181949632486
"1591","E08000009",1.08616800854405,1.04134565263663,1.31945954340736,1.09602407332159,1.27477902229758,1.23233656616168
"1597","E08000010",1.16545903514403,1.34864021754274,1.1769365699089,1.01364605460458,1.14403582463348,1.2012095772003
"1603","E08000011",1.07972047739218,1.14934382033464,1.21971623611297,1.11875828362219,1.15679334167917,1.04662416375316
"1609","E08000012",1.1512490903967,0.96243738202229,0.939686369119421,1.23531370248072,0.979327551491895,1.18003035466273
"1615","E08000013",1.29707060977495,1.46449645694785,1.24921135646688,1.25839361041909,1.06461137529295,1.38755509982792
"1621","E08000014",1.14765929783317,1.17720889054256,1.29006664550936,1.13187317832184,1.1171858344269,1.15446726867319
"1627","E08000015",0.944823676507086,1.12862529187904,1.20460990472079,1.04811363547528,1.10681847622535,0.995578347578348
"1633","E08000016",1.06883606460622,1.12900854770511,1.08448582774202,1.49729571574079,1.15581974258994,1.11724512977046
"1639","E08000017",1.10916536366347,1.05184944745956,1.14205940727285,1.0854801946399,1.19842398953723,1.13719420703148
"1645","E08000018",1.22153277501085,1.25112585974037,1.11381642512077,1.06810354604297,1.20910542010135,1.39916320980929
"1651","E08000019",1.13845766683298,0.966524386810724,1.09174660778375,1.06660579278403,1.27006535157058,1.29801591175322
"1657","E08000021",0.913641238066356,1.27373569670593,1.10275689223058,1.22590006607136,1.22549008023472,1.46647259789355
"1663","E08000022",1.29637340612815,0.911544510715551,1.34472934472934,1.06345241468608,1.2774723349114,1.32270057653968
"1669","E08000023",1.09550406870514,1.14174173816844,1.11961722488038,1.15609342337255,1.56030864360738,1.19451369293848
"1675","E08000024",1.13987422131347,1.09617320687318,1.05001997944971,0.939754697918078,1.22740935822497,1.12137738804405
"1681","E08000025",1.08128819269027,1.11797179091766,1.02445825951125,1.20664408834505,1.05572163228037,1.17830412769595
"1687","E08000026",0.935916574589685,1.28166694490844,1.16648514510236,1.12336938801486,1.0148962807265,1.15825188782124
"1693","E08000027",1.1814349475035,1.38743320610301,1.13685657096765,0.997284152864014,1.18829460989593,1.14001213182182
"1699","E08000028",1.06063614764845,0.961673660623849,1.56077419354839,1.15822677633917,1.35630817696296,1.15946656585163
"1705","E08000029",1.19598817216351,1.12651113481852,0.907884798855144,1.01614316220237,1.01784480746231,1.01658506731946
"1711","E08000030",1.02887062436212,1.20454930372825,1.16433954971495,1.27858213088964,1.23820682871096,1.16374708621027
"1717","E08000031",1.23764279011176,1.24741191423225,1.10801224092363,1.13083146305067,0.948743935693589,1.22160934458144
"1723","E08000032",1.03090014242876,1.14946884272631,1.21234096991673,1.0024732675988,1.20606235275232,1.23227502276679
"1729","E08000033",1.13464389915537,1.16130079623936,1.45501000824208,1.31868526075719,1.00777696866234,1.23234111021722
"1735","E08000034",0.960934882717907,1.07562472908491,1.09922091503268,0.985335471989815,1.01836283680858,1.23026405066154
"1741","E08000035",1.05740005054136,1.05578848113715,1.2992900539286,1.10717164449151,1.10878887419408,1.14245798396547
"1747","E08000036",1.31594689230254,1.07438676826953,1.30899839411054,1.15238802586774,1.12110661745546,1.24451762523191
"1753","E08000037",0.951575626581142,1.12263268667852,1.07637560423738,1.10637631754874,1.13331254387731,1.01053446624692
"1759","E09000001",0,0.566666666666667,NA,0,1,0.558139534883721
"1765","E09000002",1.14889246491009,1.04542198527412,1.15027429467085,1.80156673192491,1.2963377205665,1.34558409570725
"1771","E09000003",0.866606965914646,1.30329707944963,1.04088612670409,1.18160187105004,1.14995656512279,1.05932932622625
"1777","E09000004",1.05500402228047,1.25976705333838,1.32559036888409,1.16899344578813,1.17332499398286,1.02730745803296
"1783","E09000005",1.23363214882069,1.00955743874583,1.28348267765585,1.08496090880467,1.47997829696635,1.3734929636631
"1789","E09000006",1.14468935048778,1.11514522363246,1.13833819096977,0.968392438818244,1.24504223212062,1.22400784717309
"1795","E09000007",0.968445128303538,1.30767945089616,1.02649312286532,1.02239890010763,1.01023960875704,1.43824390243902
"1801","E09000008",1.13696726738353,1.24023215629624,1.47510752189115,1.07973222395042,1.31124716997548,1.26118568232662
"1807","E09000009",1.2728740413004,1.52083302124643,1.5133224317045,1.11895647281736,1.18448027810192,1.07760211614173
"1813","E09000010",1.02624406419957,1.22889533937437,1.0221492428389,1.57180937349876,0.798896209344339,1.20965910834279
"1819","E09000011",1.01251365745794,1.20376017093478,1.0074321413184,0.932012085921929,1.03023371958108,1.23298571506165
"1825","E09000012",1.43526506099323,1.65233669563716,1.32244492044064,1.02081591941963,1.41106397280057,1.29501915708812
"1831","E09000013",1.10440114162414,1.26312314456166,0.919282511210762,1.4891466116596,0.957275905909399,1.21793031449824
"1837","E09000014",1.11506930875005,1.42581829181178,1.4268479184367,1.22473248466094,1.43112255917316,1.56582336009695
"1843","E09000015",1.16838860695786,1.36345305989171,1.06660398056731,1.2826164603217,1.21903506294595,1.05032186046512
"1849","E09000016",1.1773713683579,1.24637581309149,1.56198056064234,1.06959107357525,0.989408998132646,1.29532993004349
"1855","E09000017",1.18370492354288,1.11618032500099,1.08540630182421,1.32337330573761,1.2144199360277,1.46784060846561
"1861","E09000018",1.20021264077815,1.31711739304603,1.31433823529412,0.972325808879375,1.12270870516801,1.05970924195223
"1867","E09000019",0.731220190700331,1.15939609268748,1.0805173133083,1.17412593656479,1.23890916979722,1.37711900502598
"1873","E09000020",0.672211594838111,1.05117870594931,1.01635593220339,2.1107078388328,1.29452843947012,1.22888603947177
"1879","E09000021",1.25933419044955,1.15755224646173,1.29535798583792,0.991300206950154,0.981571718101365,1.23768078699954
"1885","E09000022",1.06765865197206,1.5944173411735,1.03245070422535,1.17342971952663,1.34039459926584,1.20715067800893
"1891","E09000023",0.94032232917897,1.13544495466273,1.108759553204,1.00105543487577,1.06348396721141,1.08353764701702
"1897","E09000024",1.07626454258325,0.981254632726194,0.977954771725217,1.29195690632397,1.33196966329406,1.1054935743539
"1903","E09000025",1.2717522406014,1.06298125372954,1.15927419354839,1.38284400884259,1.16767393031062,1.11206896551724
"1909","E09000026",1.16863816407467,1.03875052742953,1.1122725561551,0.920485548014453,1.53223491978565,1.05918582157487
"1915","E09000027",1.43195746606039,1.24197898505403,1.05887096774194,1.20908771669963,1.24504239946805,1.14666582135918
"1921","E09000028",1.26322697457543,0.963025557315407,1.0450752617801,1.09380905488509,0.961168812170739,1.19562945935457
"1927","E09000029",1.13910895939312,1.08586623331997,1.64985628429579,0.92884372399369,1.09549519440991,0.960676667096864
"1933","E09000030",1.21027189012202,0.885175599195524,1.26642366703399,1.21236524791249,0.930001694084257,1.31403398363751
"1939","E09000031",1.66262623406506,1.29692892387659,1.50928708497773,1.06868178032535,1.18078539979057,1.2334949059737
"1945","E09000032",0.858002940742341,1.04929620532668,1.31239261168385,1.06209062641359,1.36589599041397,1.02236453379449
"1951","E09000033",0.975447292976748,1.20388952082988,1.55599273607748,1.59112093373395,1.03487043512389,1.4745238118412
"1957","W06000001",0.631867676333961,1.08446799583031,1.24354681931094,1.30473502080509,1.07790219524858,1.22564474065488
"1963","W06000002",1.50209941215456,1.24772922048949,1.28399311531842,1.12662293754395,1.11251705306821,1.25079749258205
"1969","W06000003",1.04292028610732,0.758574234752348,1.17091431878863,1.40535517508209,1.02691001892909,1.19439701705089
"1975","W06000004",1.03425013872922,0.901878416686297,1.17145986289701,0.931005600215278,1.28113130031694,1.24131259888349
"1981","W06000005",1.37272340701664,1.31254135504336,1.16527804689014,1.55777243674577,1.37369739399216,1.17770906663037
"1987","W06000006",1.13030438111449,1.45098459649966,1.30515873015873,1.0683204088481,1.33526800849598,1.35122623855018
"1993","W06000008",0.987179139777232,1.32797111154297,1.63035856573705,1.43397783420553,1.19547777236896,1.13279726748737
"1999","W06000009",1.10071404194273,0.923424853420432,1.03311688311688,1.29278225959026,1.3734889045821,1.0775894897182
"2005","W06000010",1.02285025855308,1.08934629668131,1.0237955346651,1.30464456868708,1.32724753504336,1.11960969676136
"2011","W06000011",1.06892389274351,1.15364092172131,1.03498220772481,1.19878704133595,1.05813352229858,1.46417408229075
"2017","W06000012",0.970765605875055,1.26741880267684,1.03563103563104,1.13351412138128,1.12182822280345,1.1469836836189
"2023","W06000013",1.09866795493356,1.03532798907814,1.26183487619478,1.0973078066043,1.03868875912604,1.34485914485914
"2029","W06000014",1.380236342107,1.06473028318751,1.11396051429776,1.28369467110339,0.901336291793176,1.21683407738095
"2035","W06000015",1.13431821772181,1.13190303476347,1.23300364544755,1.16638122223494,0.988523793096215,1.21096707941845
"2041","W06000016",1.02218355995785,1.09198880480802,0.974117647058824,1.00834990350059,1.43715419706197,0.979489544627862
"2047","W06000018",1.16879005333844,1.18174205098498,1.20392156862745,0.971718699485666,0.992441329078755,1.24781517694904
"2053","W06000019",1.32577328653873,1.32187582036841,1.26644736842105,1.15863283880929,1.20593755548268,0.956428680629873
"2059","W06000020",1.09373028055228,1.16802165647404,0.899390243902439,1.01162880891299,1.15257334601752,1.2811544991511
"2065","W06000021",1.00915057731296,1.54189118615263,0.935630187222544,1.00965226561549,1.01682467194244,0.958617424242424
"2071","W06000022",0.805432112055816,1.18559361851887,0.884277013309271,0.942515669586667,1.14417646426464,1.1425983436853
"2077","W06000023",0.943964512927098,1.19440798281423,0.886873691350379,1.11452210944801,1.22102448832992,1.11107918263091
"2083","W06000024",0.907649121516648,2.08433988595438,0.997001499250375,1.21832614779169,0.912757021781942,0.869867242976227
