"","lad2014_code","rr_80_84_m","rr_85_89_m","rr_90p_m","rr_80_84_f","rr_85_89_f","rr_90p_f"
"1","E06000001",1.10737945492662,1.78007380073801,1.20489386792453,1.27624889478338,1.27879988262911,1.15863696224759
"7","E06000002",1.18461078738981,1.04406653426018,1.21917410973205,1.04326403887689,1.20009392163669,1.69468995592454
"13","E06000003",1.06133422694231,1.26547733187235,1.51472107438017,1.00046554934823,1.19125364431487,1.28560901147489
"19","E06000004",1.0983663269775,1.06751411026698,1.40095662213426,1.35368648648649,1.29382324426377,1.17237954798519
"25","E06000005",1.02013888888889,1.3144793047577,1.08893360160966,1.0189191321499,1.16924248191854,1.09170679874548
"31","E06000006",1.03073193619018,0.984113149241314,0.915756181713628,1.02817829283265,1.43649267399267,1.27417998317914
"37","E06000007",1.31847402177328,1.39398756167049,1.12162937464142,0.963379896196578,1.25644090936878,1.15154956689124
"43","E06000008",0.998422918999627,0.904326355340848,1.29871928002769,1.15217100868403,1.05558878436917,1.2222960323691
"49","E06000009",1.01968612274671,1.14126198146601,1.30041448909713,0.994067184620748,1.14708632466442,1.0572912855784
"55","E06000010",0.993352207193038,1.11016367265469,1.34415427882684,1.12754914589835,1.09108559383147,1.45295124360105
"61","E06000011",1.15624101925472,1.12871166060935,1.14092797515046,1.0363878521678,1.13328178709085,1.12718963106068
"67","E06000012",1.15438517570116,1.01981758232347,0.80186381852697,1.08957719714964,1.00030870417137,1.22205221514625
"73","E06000013",1.1671596692112,0.964205754719589,0.948652869972667,0.916919880534996,1.12977997229338,1.51961862852952
"79","E06000014",0.941495453801744,0.983555026139898,1.0511696270646,0.912490415016649,1.24471686285436,1.09491717661954
"85","E06000015",1.12863157802498,0.989170625811847,1.18971339105238,0.998351913738186,1.11845300342083,1.10644300035263
"91","E06000016",1.17250697413561,0.937106830900835,1.05230285770402,1.02840382834208,1.28028647526372,1.02011296765603
"97","E06000017",1.33004926108374,0.844738179969497,1.3448275862069,1.34500614358434,1.51875,1.16364657957578
"103","E06000018",1.02396517291418,0.974645466265578,1.20576884013813,1.00165380901852,1.07267699799839,1.19427911152491
"109","E06000019",1.18855720595854,1.02835730350379,1.32677370623387,1.05744837994926,1.15987284659557,1.31099456099456
"115","E06000020",1.04998762857446,1.10234965072759,1.13269617706237,0.956132838519364,1.06169811885038,1.38922741911872
"121","E06000021",1.23379177517361,1.01126027627214,1.21638924455826,1.20066660780505,0.849986587982833,1.45676921629504
"127","E06000022",1.01543379695085,1.20655186064925,1.04967348370814,0.903123543123543,0.864187227465916,1.41887806516627
"133","E06000023",1.08741571894486,0.965041282175814,0.926167132414468,1.02479338842975,1.11487735732775,1.17485265225933
"139","E06000024",1.13818947906027,1.04852962480081,1.01508808651666,1.35648752217525,1.1836782476359,1.15797194278035
"145","E06000025",1.02505681260453,1.14666869177805,1.01786846347516,1.27857464527447,1.24993811405793,1.36628532429525
"151","E06000026",0.937368304722611,1.11358807622972,1.2028723751496,1.10667317155948,1.14931282860349,0.973040752351097
"157","E06000027",0.913611866191097,1.01043589509275,1.06350267379679,1.27922415059838,1.06180577402415,1.21210736619542
"163","E06000028",1.51756714822605,0.985812490858564,1.05700781393509,1.30164443065467,0.912104800936768,1.22510078273282
"169","E06000029",1.2652733871912,1.13272743048024,1.09084734250297,0.919433072267711,1.26650397569332,1.43949397991455
"175","E06000030",1.03191988160999,1.04618170620839,0.888201193520887,0.888926368542791,1.30019295086185,0.977384801280167
"181","E06000031",1.1300723842948,1.09908160587772,0.975179260893547,1.05982905982906,1.40134853832926,1.23351715987986
"187","E06000032",1.15029221199186,1.1252648141036,1.012909632572,1.28064434110053,1.22422680412371,1.20594213196292
"193","E06000033",0.987736010717847,1.15558224137322,1.24653048495244,1.19249746963563,0.959663746152025,0.987472387145069
"199","E06000034",1.2222131147541,0.902287642397226,1.03342518881404,1.16334776334776,0.927052275889485,1.2403862579005
"205","E06000035",0.997371879106439,1.24795187129405,0.91924122148323,1.27814848067502,1.3004177104673,1.18641591581104
"211","E06000036",1.03541162227603,1.23041095890411,0.904774465840148,1.17210526315789,0.956664051115346,1.2366339577758
"217","E06000037",1.11832405430979,1.05061485489424,1.37555365318048,0.979497751124438,1.2126105980924,0.996424250571313
"223","E06000038",0.928149173699015,0.904347826086957,1.40052076068257,1.1255311673972,1.1199813721216,1.14699044174632
"229","E06000039",1.14955000228425,1.10859585958596,1.13929618768328,1.05981239460371,1.08478898380722,1.15191135734072
"235","E06000040",1.11139867569304,1.02543577017751,1.19180496074233,1.12605620111565,1.05317368053941,1.25572868927589
"241","E06000041",1.01201067615658,1.07515282272564,1.08229522654614,1.12093908776316,1.06469606221962,1.01210051594224
"247","E06000042",1.01161369193154,1.48646033688873,1.26023529411765,1.1903773972201,1.18983713355049,1.25843149739998
"253","E06000043",1.1728819384774,0.979368026514429,1.11277797028189,1.30613594560522,1.41561462040883,1.17342471511468
"259","E06000044",1.10323714496287,0.976893022581201,1.0527731092437,0.841314394417003,1.30832835226141,0.963022630645745
"265","E06000045",0.912557199261427,1.07112500238227,0.896060266720961,1.02613224637681,1.17410616270625,1.23577193842028
"271","E06000046",1.22972527834508,1.19834726889115,1.05064386596511,0.962889622295563,1.13379432102398,1.16551724137931
"277","E06000047",1.02009650701759,1.05840842860345,1.05460492013082,1.0371204030889,1.11437199021078,1.11539881894166
"283","E06000049",1.12587453371457,1.11664264815057,1.09913096200485,1.0048235552184,1.19825462962963,1.35176287360628
"289","E06000050",0.977767431032476,0.933001560978626,1.13121532665397,1.1295750500422,1.0852718091375,1.21471965187204
"295","E06000051",0.896803365923687,0.852464061515484,1.10941619585687,1.16736848499963,0.988937642294239,1.15198582171296
"301","E06000052",1.04177703993214,1.10133602356035,1.10834770610555,0.982774436904149,1.10715359088997,1.17680924146924
"307","E06000053",1.11538461538462,2,Inf,2.70731707317073,4.61538461538462,1.56818181818182
"313","E06000054",1.11283837701799,1.3024125953602,1.08472090414977,1.09696242427166,1.04118290467101,1.18578894317454
"319","E06000055",0.983306226233564,1.08457485222136,1.27879762493815,1.39381209543881,0.828243879418502,1.2396884272997
"325","E06000056",1.08131635721603,1.03470383275261,1.050496,1.15248477598956,0.941415458937198,1.10864126984127
"331","E06000057",1.12321367439028,1.09122034306557,1.15906805229635,1.16184360953259,1.0630191909459,1.23312280484956
"337","E07000004",0.985176738882554,1.23060200668896,1.28487348458172,1.05666223992917,1.0194535845117,1.10950137140446
"343","E07000005",0.906263461704144,0.864520010131712,1.2128124702975,0.957476137763947,0.868364206381067,0.912949921752739
"349","E07000006",1.03147886419119,0.967808380414313,1.17124183006536,1.2484749516677,1.24690293241336,1.61015211640212
"355","E07000007",1.06357152432063,0.894698085419735,1.36439888164026,1.08524074008561,1.16359592013889,1.20758811263499
"361","E07000008",1.45736040609137,0.982785479068483,1.39473684210526,1.06068366551609,1.03898932155363,1.32564925590896
"367","E07000009",0.957542542034575,1.49282296650718,0.835862068965517,1.25244641537324,1.11664959016393,1.17398002549936
"373","E07000010",1.01010101010101,1.22695035460993,1.08896321070234,1.17133641440401,1.09175358539765,1.00488922581579
"379","E07000011",0.943023873763388,1.00425349087003,1.13188405797101,1.07824568882393,0.979986657771848,1.2241690909559
"385","E07000012",0.821068548387097,1.1440157480315,1.00060231892787,1.05552932904781,1.17192604786628,1.07737799834574
"391","E07000026",1.09423174912988,1.06222639149468,1.00550148116801,0.902185159706259,1.4153547244207,1.34683627875172
"397","E07000027",0.811354838709678,0.775105442860012,1.46748183590289,0.874460186377756,0.838757763975155,1.30811526321149
"403","E07000028",1.00313471886262,1.32866344605475,1.10846062098419,1.48804780876494,1.28819333546258,1.24978860138677
"409","E07000029",0.943642027754177,0.814001657000828,1.03409090909091,1.64297092791716,1.04609297725025,1.32615249340535
"415","E07000030",0.909996170049789,1.57688338493292,1.38997493734336,1.46737492465341,0.719279661016949,1.33374384236453
"421","E07000031",0.752719421101774,0.796469791963522,1.05987244278684,0.907094861660079,1.11651741293532,1.17740274027403
"427","E07000032",0.867600135890382,0.993979591836735,1.05887547836326,1.09049919309112,1.04311552243693,1.11749554190608
"433","E07000033",1.09761545136099,0.742799167259599,1.42422535211268,1.10119047619048,0.929352793749079,1.07711282711283
"439","E07000034",1.04555912090573,1.04655147004642,1.15248387975661,0.985947177749211,1.2037037037037,1.07973055438201
"445","E07000035",1.02526331081572,0.927358445182085,0.757850368809273,1.1370479704797,1.02148366192041,1.17930024149337
"451","E07000036",0.928524590163935,1.22353891731753,1.12278829910198,1.11748900830484,1.05336322869955,1.16892012097492
"457","E07000037",1.38612046389824,1.20675287356322,1.375,0.990633934733314,1.19345661450925,1.66808823529412
"463","E07000038",0.868241556007088,1.19042545995671,1.19821766135566,1.4778972262479,1.49704200746446,1.06656840092423
"469","E07000039",1.00443458980044,1.31166328600406,1.0621766280107,1.37634346635931,1.09292808219178,1.54677145284622
"475","E07000040",1.03101998315921,1.07746612945213,1.29749204566723,1.04222431265233,0.926289926289926,1.09271721476338
"481","E07000041",0.941421690001351,0.941793588241559,1.421926910299,1.16014088136758,1.35062834390942,1.16877860551173
"487","E07000042",1.07914046121593,1.20503472222222,1.24253731343284,1.05551272166538,0.932030006819732,1.12886613326964
"493","E07000043",1.07529093097913,1.00092801272703,1.42196693751751,0.96990937095406,0.964441262454507,1.05975173574584
"499","E07000044",1.12420161358097,0.883097332643365,1.28615596015115,0.873501199040767,1.02988855116515,1.40252285451067
"505","E07000045",0.992571924603175,0.903422425697785,1.23411978221416,1.06312211433064,1.06580217658417,1.10012036327826
"511","E07000046",0.859085274520944,1.06747106623984,1.0719314355678,1.16070282658518,1.31402714932127,1.06305170239596
"517","E07000047",0.904242361417058,1.05597136348845,0.7875281260045,1.05789990186457,0.803571428571428,1.20680564644293
"523","E07000048",1.13039092055486,1.31587837837838,1.09187510781439,0.982788613600422,0.969600259641911,1.23433218309144
"529","E07000049",0.997963316818655,1.06751054852321,0.962061560486757,1.2721608461176,1.25137888198758,1.28904501691387
"535","E07000050",0.909320282101167,0.997576221456818,1.29044117647059,1.61614176947347,1.0498312846469,1.29617722544914
"541","E07000051",1.21082474226804,1.36351320839919,1.07625139608082,1.39960526315789,1.44024470176972,1.04859335038363
"547","E07000052",1.09709588061835,1.06233387636114,1.01382805656363,1.04856986541197,0.907699975300801,1.22665064227833
"553","E07000053",1.06172839506173,1.17762326169406,0.757259865971705,1.18904599659285,0.719994086776554,1.11340970350404
"559","E07000061",1.17741100177884,0.958707068071366,1.29294157379264,1.33440050219711,0.938113875825942,1.14921794871795
"565","E07000062",0.93984229390681,0.904341926729986,0.993231046931408,1.47867672867673,1.34574013115264,1.17139001349528
"571","E07000063",0.724146590847938,1.12801358234295,1.13888091822095,1.0615000663106,1.2987872030891,0.942397776895594
"577","E07000064",1.27272621255058,0.931664226872184,1.1869194074818,1.24086224993666,1.10417549047029,1.30133515858342
"583","E07000065",1.11084225192346,1.23214082130561,1.00984758201091,1.22471692968314,1.17904770848986,1.02427579874914
"589","E07000066",1.16564162234043,1.17344576719577,0.794871794871795,1.10740175505532,1.14413785501708,1.2500790788891
"595","E07000067",1.11883122060113,1.27221919302072,1.20761840835676,1.11491745091016,1.21416296855821,1.05734975216853
"601","E07000068",1.51119242359019,1.24056883270788,1.04293144208038,0.846774193548387,1.13585189199842,1.29647340861775
"607","E07000069",1.16485116683687,0.83503419629749,1.24135723431498,0.969106837722748,1.01929036746569,1.59550786456945
"613","E07000070",0.915026916261453,0.867247212128806,1.35922330097087,1.00526317620335,1.34903794815005,1.19701310289767
"619","E07000071",0.977017637626937,1.0952026924399,0.939144189144189,1.07234619556795,1.19560063224447,1.01565822246522
"625","E07000072",1.35249646250253,1.18733662503631,1.1571568627451,1.26569477278697,1.05033764229211,1.19616284552236
"631","E07000073",1.01411231047083,1.51750367361051,0.754271476032273,1.04266498745755,0.960639606396064,1.14889456244228
"637","E07000074",1.22439848876516,1.21511058915639,0.984126984126984,1.50766200283885,0.988247061765441,0.893947963800905
"643","E07000075",1.26827607875995,1.54905782975958,1.39607602697731,0.8603885003885,1.04826824856352,1.56793850633779
"649","E07000076",0.982143252077832,1.1338393894143,1.25397129186603,0.934914277481631,1.07269556927091,1.27605416066955
"655","E07000077",0.961435786435786,0.957458859066738,1.10521266389511,1.20247222656861,1.02384351044145,0.826855305466238
"661","E07000078",0.903954802259887,0.981645569620253,1.12814748201439,1.03174440857231,1.01700715344461,1.47223756906077
"667","E07000079",1.15335905087707,1.01873315132471,1.01465899370091,1.07248643534341,1.21054443337259,1.14091325792301
"673","E07000080",1.15789473684211,1.03084705415592,1.29300462249615,1.28860647944157,1.14038665470267,1.07461944983965
"679","E07000081",0.999125874125874,0.800928157072735,1.01611940298507,1.02942302978306,1.10408327324863,1.16290322580645
"685","E07000082",1.14117284730558,0.89951819817728,1.03365906623236,0.970129612859407,1.00788042975186,1.04456392857562
"691","E07000083",1.40345056403451,1.25544630807789,1.25571296748629,0.944698011754408,0.893220470606508,1.27765064836003
"697","E07000084",1.41060567010309,1.25096462369522,1.09781622234827,1.29877276979803,1.09936094185152,0.955607476635514
"703","E07000085",1.01140934088484,1.17341820987654,1.13969800813879,0.890117653452164,0.932527273990689,1.30587023686921
"709","E07000086",1.07744282744283,0.805396315829703,1.03251311012505,1.19949403114871,1.20031375703942,1.08678736635726
"715","E07000087",1.00747279435804,1.19290717281335,0.908461210571185,0.897196261682243,1.09641272658132,1.08752048217621
"721","E07000088",1.12107750158065,0.982641509433962,1.23519749122676,1.20145272954262,1.69236093632016,1.15535970114067
"727","E07000089",0.746137562794224,1.12627424255331,0.659109149277689,1.34195301542777,1.24472966269841,1.11389877421906
"733","E07000090",1.16989722011451,1.19594219010561,1.07287339714647,0.98281771132835,1.26588370347477,1.00913490025676
"739","E07000091",1.00202429149798,1.09887049193398,1.02302146559444,1.25605030328787,1.29242322310973,1.1308693309757
"745","E07000092",1.00603443503294,0.906929189062865,1.08520696414159,0.918465036499262,0.907759882869693,1.20588235294118
"751","E07000093",0.648399580020999,0.950064020486556,1.02507344401175,0.711412909583641,1.02427789601703,1.12522348033373
"757","E07000094",1.17981020673322,0.960148924434639,1.35172329053265,0.743930745814307,1.237687520236,1.15226470533883
"763","E07000095",1.33099181542824,0.891566265060241,1.03710073710074,1.27681755829904,1.08896080546566,1.04786585365854
"769","E07000096",1.38747648902821,0.930486593843098,1.07867002692021,1.05237922503116,0.985178717416815,1.23329807195839
"775","E07000098",1.14076973255055,1.17799352750809,1.2953506097561,0.81555699202758,1.18443197755961,1.46360688629727
"781","E07000099",1.05810306198656,0.967124210330732,1.23821243523316,1.16221326462766,1.11172933175968,1.26741219316475
"787","E07000102",1.19937319189971,1.28317515099223,0.791678072816863,1.22309899569584,1.07872761235029,1.29616760699051
"793","E07000103",1.58059210526316,1.63830821584832,0.930555555555556,1.49767441860465,1.48524801770238,1.27111535807188
"799","E07000105",1.21914789899581,1.21725095713535,1.40169224150294,0.951824666597746,1.06633285646161,1.12789807143354
"805","E07000106",1.13834716926242,1.1408,1.33426086956522,1.43086776022681,1.17420578106257,1.27631782005776
"811","E07000107",1.45939153439153,1.5907859894078,1.81673306772908,1.10433604336043,1.42317265556529,1.25648323845667
"817","E07000108",1.02525357375882,1.16454186237233,1.11019719498049,1.15537542866735,0.95711638250556,1.26461657957916
"823","E07000109",0.859937727036845,0.961430836675683,0.850287779413733,1.24096728307255,0.773289665211063,1.11456496178718
"829","E07000110",0.813873274414424,1.24387428238622,1.05940594059406,1.09489829801966,1.10539712593889,1.10587068904469
"835","E07000111",0.905924479166667,1.02715094204456,0.901261852142297,1.02915402763734,1.10844611958198,1.33850598072233
"841","E07000112",1.18260934803811,1.03568211736992,1.1798344620015,1.48596055322237,1.05908932106673,1.08517568522215
"847","E07000113",0.669493441881502,1.27117853655693,1.27220066037189,1.14216873304921,1.51970218444897,1.1067477625681
"853","E07000114",1.19715562442068,1.10157496012759,1.07486886027659,1.18556827473426,1.09255531139531,1.11280417814509
"859","E07000115",0.953360768175583,1.13092563161068,1.06361878316061,0.836320754716981,1.45266544117647,1.40962031213604
"865","E07000116",1.0191,1.18204804045512,0.821027550260611,0.952211282558427,1.30176753728399,1.29325966850829
"871","E07000117",1.14922689679971,0.930803571428571,0.85880829015544,1.01242236024845,0.952818909224685,1.18181202600217
"877","E07000118",1.04827491219613,1.0166475315729,1.09581881533101,0.896183953033268,1.01810353263529,1.09004943047496
"883","E07000119",1.04907678795235,0.955676393411527,1.1117272996155,0.85150464155306,1.30544554455446,1.22615050365396
"889","E07000120",0.859989423585405,1.10065272214805,1.58040816326531,1.243663356914,1.00508130081301,1.19359621287
"895","E07000121",0.851673349784084,1.12590011614402,1.55608542400995,1.15269151138716,1.0962962962963,1.11696577031134
"901","E07000122",0.633807735964376,1.03511846802986,1.26970189701897,1.02666465043601,0.991309669522644,1.2785645771032
"907","E07000123",1.18944717952572,1.17855082496827,0.996389730789802,0.983568075117371,0.888034787253576,1.2418653440743
"913","E07000124",0.869143998272884,1.26626672819566,0.884606716249718,1.11895952461038,1.10798548094374,0.997061829330608
"919","E07000125",1.3996359223301,1.43478260869565,1.55870967741935,1.010348583878,1.38620923913043,1.16690519807648
"925","E07000126",1.13515301902399,1.32169177194687,0.983402732977538,0.774984718826406,0.879120879120879,1.17347029583392
"931","E07000127",0.983292527947501,1.08213936103942,1.07712066905615,0.992755710278501,0.946855624446413,0.889146431199411
"937","E07000128",0.83303535790314,1.09645922746781,0.702172949002217,1.38263266039737,1.07453674786592,1.09682605436541
"943","E07000129",1.13886796663598,1.0872841673983,1.10876494023904,0.82090395480226,1.01873244243745,0.908890067161541
"949","E07000130",0.971185166624906,1.03965758838747,1.02010867239978,1.08190045248869,1.03351076007326,1.04917265134289
"955","E07000131",1.06471659702132,0.991590296495957,0.953667953667954,1.30569887429644,0.957883369330454,1.75443937087773
"961","E07000132",1.25713396400502,0.827487825274239,0.958049886621315,0.972396486825596,1.14268369269416,1.48326180257511
"967","E07000133",0.824611032531825,1.04039634146341,1.22557947019868,0.71982555398397,1.18987898789879,1.15139918679742
"973","E07000134",0.796519410977242,1.15732201102238,1.03927203065134,1.16442829053209,1.24290777576854,1.10925846937325
"979","E07000135",0.84896978021978,0.987550802139038,0.981195652173913,1.43831461595213,0.981165785751507,1.08813279530448
"985","E07000136",1.27405559515324,1.16604057099925,0.999405822935235,1.28614558872861,0.945060018467221,1.22809082098851
"991","E07000137",0.942851443150678,1.08967424600466,0.990114447874762,1.10736414423565,0.825899190845169,1.43725605333149
"997","E07000138",0.956255670396527,1.38400809716599,1.08585858585859,0.931679384121543,1.00487210718636,1.30856649348157
"1003","E07000139",0.950226244343891,1.3029702970297,0.893617021276596,1.18442203136081,1.10494054570965,1.22636577037985
"1009","E07000140",0.73489737902596,1.03531155545222,1.04054248507087,1.20670464217901,1.454123305278,1.09949295774648
"1015","E07000141",1.1252357337431,1.07875395179316,0.743793911007026,1.08334831056794,1.10211254237288,1.27025889795464
"1021","E07000142",0.661776575826919,0.856986151103798,1.25728770595691,1.09097782258065,1.09885297184567,1.22771077384731
"1027","E07000143",1.06543828749492,1.18791606791988,1.01698608428663,1.3264192794197,1.0232276119403,1.27606776425674
"1033","E07000144",1.18277485904664,1.14065934065934,1.29964546232528,1.16774630221638,0.903939068810694,1.14660299544172
"1039","E07000145",1.13981008035062,1.30337078651685,0.961330331397875,0.933882676083971,1.10219737054923,1.15096145803322
"1045","E07000146",1.04463467193695,1.0762945199396,1.10346695557963,0.892053091397849,1.21854873336196,0.99038060233989
"1051","E07000147",1.05700126686042,1.19684869415066,0.935862309913024,1.21957375928931,0.95150222772867,1.05088380357198
"1057","E07000148",1.08419670516792,0.988175522424169,0.908045977011494,1.06073561106596,1.22045482788617,1.29396076780012
"1063","E07000149",1.21721538007459,1.08642099695222,1.53374165788549,1.24903394566316,0.849694598205764,1.17728195621469
"1069","E07000150",0.832846952010376,0.942857142857143,0.956255224296461,0.984397163120567,1.45925673371974,1.13595384060584
"1075","E07000151",0.857616552821805,0.928883553421369,1.25103896103896,0.844211611130196,1.22542134831461,1.12922268907563
"1081","E07000152",1.06495359099209,1.25427432452384,1.17583333333333,1.34477174849268,1.33300227938782,1.05534559694017
"1087","E07000153",1.04686795853988,1.25526856154761,0.946236559139785,1.20668900287603,0.981817342747704,1.27131782945736
"1093","E07000154",0.993594651150921,1.1006698789517,1.16120823798627,0.882570951585977,1.1101564399773,1.10747021081577
"1099","E07000155",1.47180762852405,1.30357142857143,1.28991725406068,0.891812865497076,1.09864364981504,1.12744418718629
"1105","E07000156",0.905460951262478,0.92463768115942,0.822616185897436,0.98745435820616,1.23720487550275,0.895036963577353
"1111","E07000163",0.858776559750981,1.24025147818277,1.25659768369091,1.09924812030075,1.10838794955114,1.14865530048776
"1117","E07000164",0.897768200708019,1.31108020398702,1.18657106970902,1.06202453101227,0.92809364548495,1.19465906895886
"1123","E07000165",1.00246346366013,0.973544973544973,1.09236111111111,1.02522855876019,1.03802897767571,1.21705758070124
"1129","E07000166",1.06643871191136,0.90190620782726,0.989665653495441,1.26528438272779,1.77165631227289,1.13886278195489
"1135","E07000167",0.898109243697479,1.0465832136261,1.1672203765227,0.95034029756252,1.09487113622742,1.08424470266576
"1141","E07000168",1.37868836983493,1.10327014436603,1.22930574098798,1.03240127275643,1.09594516594517,1.07448816611006
"1147","E07000169",0.923167198445007,0.773618538324421,1.13450508788159,1.08917456903575,0.825915163814707,1.24737040606797
"1153","E07000170",1.06414967737909,1.25527845214449,1.05535294117647,1.14844250737085,1.25465587044534,1.44795927062031
"1159","E07000171",1.07544642857143,1.07840607435749,0.953571428571429,1.16075760222002,1.12713199534215,1.20618178565038
"1165","E07000172",1.31549868111499,1.020493657523,1.13541417523718,1.17682858267274,1.35547158603393,1.34880007341807
"1171","E07000173",1.43170812879607,1.05239232019504,1.35451505016722,1.01158038147139,0.954362282878412,1.10214777792787
"1177","E07000174",1.15720168926895,1.23243243243243,1.0102766798419,0.785933873652746,1.28210915702687,1.24224921430392
"1183","E07000175",0.905946302091912,1.22164317911423,1.01261043570188,0.980343642611684,1.18306759076081,1.3827704865557
"1189","E07000176",0.704122990915444,1.28653594771242,0.9374321880651,1.34141398633607,1.12647344874538,1.14163614163614
"1195","E07000177",0.970531088082902,0.807920792079208,0.872881895782902,0.984034060670569,1.07278803413257,1.04372405372405
"1201","E07000178",0.99944244827159,1.13208722741433,1.0998353909465,1.0734918680749,1.16028208440999,1.10842726784756
"1207","E07000179",1.47785744726985,1.03237553342817,1.38957137623641,0.867145521168954,1.0104204096299,1.36746259222529
"1213","E07000180",0.972241792306609,1.04373211887663,0.985395189003436,0.935110403082395,0.971549199345784,1.24674038376253
"1219","E07000181",0.797720797720798,0.890376128054805,0.801014119229045,0.834726863534065,0.803412969283276,1.1217544120195
"1225","E07000187",1.07786918932652,1.03094890510949,1.14177777777778,1.0093571952389,1.3252865048586,1.20772313296903
"1231","E07000188",0.968499825965889,1.29251700680272,0.795864661654135,1.24213342440801,1.07386794839363,1.33412042502952
"1237","E07000189",0.931591005648186,0.946394044405421,0.908665437526592,1.08025319317283,1.00521179401993,1.20187791334045
"1243","E07000190",1.23725328947368,1.18114444719949,1.00409006403636,1.03901259445844,1.00360355378604,1.23587982086178
"1249","E07000191",1.12723621759766,1.02988285919197,1.20481927710843,1.14504532666458,1.69556243550052,0.955614051012072
"1255","E07000192",1.27285956827553,1.40730679156909,1.13208844082942,0.680712715492306,1.42956840850637,1.43319463707813
"1261","E07000193",0.891932141932142,1.0688462057791,1.00979978925184,1.13072660310467,1.04154410283274,1.14842468709538
"1267","E07000194",0.849572166612851,1.13614358974359,1.11010046965103,1.07174709348622,0.872071762736598,1.2131123388582
"1273","E07000195",1.34056007226739,1.13802544906219,0.851553509781358,1.45380617272106,1.16450367351317,1.43634417609009
"1279","E07000196",1.36174273487706,1.20156593406593,0.95633971291866,1.31766381766382,1.02493165425779,1.04871594437791
"1285","E07000197",1.07092876024613,1.11428470555006,0.944940476190476,1.15579728877354,1.28434498846068,1.05349613265385
"1291","E07000198",1.06872459349593,1.19340318634318,1.6332208052013,1.05034690419491,1.1773156899811,1.23130560447997
"1297","E07000199",1.127067481156,1.10763888888889,0.994698660714286,1.24973931178311,0.93256338776052,0.930843989769821
"1303","E07000200",1.09657622739018,1.10832432432432,0.989683098591549,1.23408267954134,0.994402491028462,1.09265409513088
"1309","E07000201",0.909634645224996,0.85912577620845,1.22062732589048,1.35213675213675,1.22474226804124,1.58570430268543
"1315","E07000202",0.752409111610725,0.992953796536493,1.13333333333333,1.39231539782484,1.07064748490138,1.65404480496847
"1321","E07000203",0.855775803144224,0.845031392076207,1.26978281397545,1.0247619047619,1.21587270036882,0.94483024691358
"1327","E07000204",0.839672011440046,1.20345450893754,1.1104274611399,1.02680816326531,1.31875178113423,1.1599553218942
"1333","E07000205",1.01843664904693,1.10857722708823,1.17757466949567,0.875410320032053,1.25849419913725,1.1584222602152
"1339","E07000206",0.828681626928471,1.37325851393189,0.98689789687924,1.3459032906686,1.00834468732105,1.200819044703
"1345","E07000207",1.30336420738848,1.01733108471779,1.17052208835341,1.15403128760529,1.14615208078335,1.23709652268829
"1351","E07000208",1.26758333333333,0.90596928426543,1.02084556664709,1.06840700777352,1.01612903225806,1.29534113696778
"1357","E07000209",0.915818101321865,1.16625223924494,1.05304829770388,0.925776449652486,0.944235700322425,0.957322618166438
"1363","E07000210",0.890642604216964,1.02881481481481,0.924608819345661,0.916313007222098,0.898127846179794,1.30369989722508
"1369","E07000211",1.025588926678,1.16226338135232,1.35906369080022,0.871723523846625,1.34126714269523,1.33631601920559
"1375","E07000212",0.990702479338843,1.10282369146006,1.13170136505758,0.88440950150552,0.97708082026538,1.30718119090212
"1381","E07000213",1.13352096048235,1.19932339132836,1.00413995726496,1.15603768041426,1.31004860404657,1.02096036585366
"1387","E07000214",0.959526774595268,1.13397513036502,0.919354838709677,1.20435354008369,1.08928571428571,1.00270850093859
"1393","E07000215",1.49711408830468,0.969943371569624,0.794294294294294,0.962639756757404,1.29695024077047,1.06455495377209
"1399","E07000216",1.06864441090949,1.17733565788124,1.15876956287102,1.08679839649109,1.22973290146928,1.12779712952848
"1405","E07000217",1.2500898311175,1.2855466768138,0.801742919389978,0.951745901242927,1.08056374519789,0.871653543307087
"1411","E07000218",1.09386656882529,0.968838526912181,1.21184230710232,1.31401260931462,1.38620490620491,1.33850020946795
"1417","E07000219",1.26608135884893,1.22219753854356,1.26349039220848,0.913783783783784,1.28307611133096,1.53587443946188
"1423","E07000220",1.22065527065527,1.42475328947368,1.34808467741935,1.05380209178822,1.56099036099036,1.10487311924545
"1429","E07000221",1.06616830972122,1.41237511953934,1.28956909775485,1.32743101667404,1.09749362228125,1.27658566881453
"1435","E07000222",0.960242505483792,0.988011695906433,1.12156862745098,1.11962949079169,1.06771105704736,0.973002973644548
"1441","E07000223",0.842409706546275,1.13685624446683,1.35408560311284,1.41176470588235,0.913448085120229,1.33470695970696
"1447","E07000224",0.989355803183278,1.05040188738983,1.36470588235294,1.24189353216577,1.0241300482601,1.2080378250591
"1453","E07000225",1.09405316629746,1.01887300755818,1.2888237384506,1.29460817093364,1.0604342014955,1.14467975539105
"1459","E07000226",1.39244521337947,0.959183673469388,1.05882352941176,0.983796743880274,1.12215541945272,0.971972789115646
"1465","E07000227",0.980950348989607,1.19990627422,0.947157190635451,1.37728758911948,1.18719733656174,1.24156838402648
"1471","E07000228",1.12826543305862,0.885102619462581,1.22419545797008,1.31488986784141,1.37211188811189,1.20815479166799
"1477","E07000229",1.23323724777541,1.01675233200076,1.19243272530251,1.2140435034323,0.918713682833284,1.28493459913717
"1483","E07000234",1.05576698163997,0.90893351800554,1.15783106809934,1.37542285368372,0.934482977642276,1.22387830567756
"1489","E07000235",1.05674342105263,1.15356468366383,1.19033927544566,1.34629309539381,1.19438127090301,1.08369974874372
"1495","E07000236",0.932614555256065,1.37259178480553,1.64613496932515,0.836121487737535,1.24837960132078,1.37102334285433
"1501","E07000237",1.23612766274393,1.3729079497908,1.02332285115304,1.13200969612155,0.930605009873587,1.1236808780076
"1507","E07000238",1.07694102095564,1.31368127147766,1.07793371155569,1.11591483807815,0.971630636987619,0.965902518534098
"1513","E07000239",1.17084475780128,1.07673757643614,0.837837837837838,0.9745390625,1.42221338520899,1.21578268298637
"1519","E07000240",1.15286415949779,1.35119047619048,1.26003616636528,1.2275598332832,1.13833333333333,1.34306143294907
"1525","E07000241",1.01863873918014,1.32611003454377,1.17502787068004,1.12328767123288,1.45913535868893,1.24916247906198
"1531","E07000242",0.955172295559746,0.99936844764431,1.18275862068966,1.31410398187906,1.1256393505314,1.24455646572849
"1537","E07000243",1.27115044247788,0.976317799847212,0.990084713130535,1.37561508074018,0.892857142857143,1.14633413461538
"1543","E08000001",1.01189411625054,1.11823803277743,1.39813713832739,1.15455136143218,1.09752483221477,1.16995747307584
"1549","E08000002",1.07119814138732,1.09493317070692,0.854153647670692,1.06164381554619,1.26632815132117,1.20298075853631
"1555","E08000003",1.19423512994942,0.951598597668774,1.04874517778391,1.01000175749732,1.27468477073298,1.05059422305008
"1561","E08000004",0.75015037593985,1.08209523809524,1.1558206499383,1.28335759340126,1.29972117857107,1.07345924169262
"1567","E08000005",1.18835696440096,1.30973451327434,0.940825540148339,1.12804736505118,0.989363524043696,1.19656624554584
"1573","E08000006",1.25496397189628,1.11974310886841,1.26132278936017,0.903108549010188,1.088726896284,1.05250359664891
"1579","E08000007",0.986815188819197,1.08238705738706,1.18051165841732,1.05078215821741,0.960530679933665,1.23224340610491
"1585","E08000008",1.29239388703687,1.04027306716035,1.15336012595293,0.954092183968906,1.08772338534163,1.10181949632486
"1591","E08000009",1.05566814407512,1.02264059860005,1.31945954340736,1.04257205342498,1.2200186546013,1.23233656616168
"1597","E08000010",1.13830847881886,1.32654887326557,1.1769365699089,0.999480059084195,1.12778212330228,1.2012095772003
"1603","E08000011",0.942524105376777,1.15919264902223,1.21971623611297,1.12196857818978,1.13865164664636,1.04662416375316
"1609","E08000012",1.14812432189863,0.937603289903532,0.939686369119421,1.22796971432207,0.97482987165562,1.18003035466273
"1615","E08000013",1.18197446151381,1.33041317991632,1.24921135646688,1.20487804878049,1.04370522453259,1.38755509982792
"1621","E08000014",1.14760081510082,1.12051426075017,1.29006664550936,1.12228840270696,1.10963580847471,1.15446726867319
"1627","E08000015",0.923150523168774,1.07910163265102,1.20460990472079,1.05362899462238,1.08679777611816,0.995578347578348
"1633","E08000016",1.05789727126806,1.00610178523848,1.08448582774202,1.37542411439714,1.1469198383025,1.11724512977046
"1639","E08000017",1.0517469065197,1.00585486531061,1.14205940727285,1.06318086599814,1.14133245017423,1.13719420703148
"1645","E08000018",1.17145451640184,1.2161831486318,1.11381642512077,1.04775869291998,1.1521525720512,1.39916320980929
"1651","E08000019",1.13718230362271,0.944932301740812,1.09174660778375,1.04077255379782,1.24897424302725,1.29801591175322
"1657","E08000021",0.875108700378277,1.24540580743128,1.10275689223058,1.19101724967932,1.21268848695928,1.46647259789355
"1663","E08000022",1.23530052264808,0.910539996301395,1.34472934472934,1.04550613717904,1.23644986449865,1.32270057653968
"1669","E08000023",1.07185425978599,1.02932098765432,1.11961722488038,1.13400562960895,1.55525508556668,1.19451369293848
"1675","E08000024",1.12301484088127,1.06733809696393,1.05001997944971,0.950925238063078,1.21369897673981,1.12137738804405
"1681","E08000025",1.06307097456272,1.11305629756243,1.02445825951125,1.1818968102956,1.04988362498443,1.17830412769595
"1687","E08000026",0.926111295434812,1.28111718275653,1.16648514510236,1.08771266231999,0.973863362409047,1.15825188782124
"1693","E08000027",1.15570967192847,1.36456284641516,1.13685657096765,0.994279422676464,1.16110879489473,1.14001213182182
"1699","E08000028",1.03855472263868,0.951884253028264,1.56077419354839,1.09650799086758,1.31102693602694,1.15946656585163
"1705","E08000029",1.14528081123245,1.05472730217628,0.907884798855144,1.02171586372154,1.00659752364417,1.01658506731946
"1711","E08000030",1.00414563779102,1.16182282865243,1.16433954971495,1.2858372450728,1.22407306598923,1.16374708621027
"1717","E08000031",1.23161850235203,1.18115183246073,1.10801224092363,1.12489857864168,0.905505295675199,1.22160934458144
"1723","E08000032",1.0109827483081,1.1480039989367,1.21234096991673,0.998747647710564,1.17235362904917,1.23227502276679
"1729","E08000033",1.06964210526316,1.11972178103949,1.45501000824208,1.33287738153395,0.975706277348713,1.23234111021722
"1735","E08000034",0.948724605698708,1.00127031081923,1.09922091503268,0.973755505584458,1.00293922027332,1.23026405066154
"1741","E08000035",1.03608370275037,1.04186225695546,1.2992900539286,1.0970163611149,1.08813291692692,1.14245798396547
"1747","E08000036",1.30666920388194,1.00974498807052,1.30899839411054,1.12249087395319,1.1110901281522,1.24451762523191
"1753","E08000037",0.911674986134221,1.04769317494221,1.07637560423738,1.0571700549077,1.10672273340417,1.01053446624692
"1759","E09000001",0.318407960199005,0.953125,Inf,1.65957446808511,3.25423728813559,0.558139534883721
"1765","E09000002",1.0889810152483,1.04141093474427,1.15027429467085,1.51852880226463,1.28131503385053,1.34558409570725
"1771","E09000003",0.844302741943395,1.22878628891221,1.04088612670409,1.17179332047861,1.10133311792828,1.05932932622625
"1777","E09000004",1.03125,1.20985362723077,1.32559036888409,1.13605442176871,1.16201979818567,1.02730745803296
"1783","E09000005",1.21033653846154,0.997278611356281,1.28348267765585,1.08179090427723,1.44783932990672,1.3734929636631
"1789","E09000006",1.10741599073001,1.0825411768808,1.13833819096977,0.857350548748329,1.2272047832586,1.22400784717309
"1795","E09000007",0.962117932893028,1.14116832779623,1.02649312286532,0.965631107217468,0.960926911799878,1.43824390243902
"1801","E09000008",1.11567929211179,1.22375985712771,1.47510752189115,1.06085526315789,1.22507321618743,1.26118568232662
"1807","E09000009",1.18186258969067,1.43174537133347,1.5133224317045,1.11085080147965,1.14122484689414,1.07760211614173
"1813","E09000010",0.985098039215686,1.17745787593944,1.0221492428389,1.5733513372245,0.793409695591891,1.20965910834279
"1819","E09000011",0.953527510247609,1.15104895104895,1.0074321413184,0.808103225806452,0.953372479796342,1.23298571506165
"1825","E09000012",1.37758928796154,1.5590716561067,1.32244492044064,0.98274622573688,1.38918591748209,1.29501915708812
"1831","E09000013",1.05756284169465,1.18641493055556,0.919282511210762,1.06062837506136,0.924275434079356,1.21793031449824
"1837","E09000014",1.09981562062099,1.07564682677805,1.4268479184367,1.20612134739668,1.32868937048504,1.56582336009695
"1843","E09000015",1.1212293144208,1.28455317537596,1.06660398056731,1.19366336633663,1.19870378553542,1.05032186046512
"1849","E09000016",1.14076650316905,1.22216610318573,1.56198056064234,1.06630801906897,0.950069068195341,1.29532993004349
"1855","E09000017",1.16670862535225,1.04739848695384,1.08540630182421,1.27126527466882,1.13527524283566,1.46784060846561
"1861","E09000018",1.17248864375301,1.29168508287293,1.31433823529412,0.925583333333333,1.03255819922487,1.05970924195223
"1867","E09000019",0.679599761051374,1.13123009701548,1.0805173133083,1.15868347803035,1.13956264775414,1.37711900502598
"1873","E09000020",0.64398648979392,0.931693989071038,1.01635593220339,1.6767094017094,0.98899913718723,1.22888603947177
"1879","E09000021",1.24120465722332,1.09804424204955,1.29535798583792,0.98123874615191,0.975354526756396,1.23768078699954
"1885","E09000022",1.03807018629696,1.45903623294704,1.03245070422535,1.16022320646598,1.29050747817066,1.20715067800893
"1891","E09000023",0.921157231275907,1.12487230049179,1.108759553204,0.934649860756556,1.02639678030303,1.08353764701702
"1897","E09000024",1.03537414965986,0.928223844282238,0.977954771725217,1.25646551724138,1.19812873875232,1.1054935743539
"1903","E09000025",1.18829722173685,1.06968418360823,1.15927419354839,1.30457528337387,1.1470957909009,1.11206896551724
"1909","E09000026",1.17057297030111,0.978033218329795,1.1122725561551,0.926883498895701,1.48070626753976,1.05918582157487
"1915","E09000027",1.28686426465656,1.14250209226243,1.05887096774194,1.17928503466087,1.03330988718586,1.14666582135918
"1921","E09000028",1.23393602885345,0.944180716974955,1.0450752617801,1.08486895018215,0.911282278621301,1.19562945935457
"1927","E09000029",1.11579500221141,1.02419218406361,1.64985628429579,0.874549387166546,1.05130470236477,0.960676667096864
"1933","E09000030",1.15762246621622,0.856430155210643,1.26642366703399,1.17129587572674,0.893437296946069,1.31403398363751
"1939","E09000031",1.17464444011495,1.31474544974941,1.50928708497773,1.05954577234489,1.17938587872708,1.2334949059737
"1945","E09000032",0.779571418237261,0.99285343035343,1.31239261168385,0.943640064960315,1.16709260823366,1.02236453379449
"1951","E09000033",0.919102240208815,1.16788551254571,1.55599273607748,1.44303809171598,1.00314797112437,1.4745238118412
"1957","W06000001",0.610021786492375,1.08792846497765,1.24354681931094,1.1430981595092,1.05660241657077,1.22564474065488
"1963","W06000002",1.45218524008445,1.20284358087126,1.28399311531842,1.10480329157228,1.0763041556145,1.25079749258205
"1969","W06000003",0.985208663497094,0.739812064852232,1.17091431878863,1.18273749477155,1.03123801657768,1.19439701705089
"1975","W06000004",1.01218365427859,0.838566694283347,1.17145986289701,0.93086089993836,1.20552589356128,1.24131259888349
"1981","W06000005",1.34166826487491,1.27314814814815,1.16527804689014,1.36602221141375,1.32185060829373,1.17770906663037
"1987","W06000006",1.12443349753695,1.37740368620667,1.30515873015873,1.0111761575306,1.29811359786923,1.35122623855018
"1993","W06000008",0.952086335000141,1.28659793814433,1.63035856573705,1.25381244522349,1.08018805674695,1.13279726748737
"1999","W06000009",1.07162228173901,0.903252232325715,1.03311688311688,1.2272261249288,1.32196967457807,1.0775894897182
"2005","W06000010",1.01802011975709,1.03923076923077,1.0237955346651,1.28564029923421,1.28861692015209,1.11960969676136
"2011","W06000011",1.06714527027027,1.10368843465467,1.03498220772481,1.19765863590092,1.05023632993513,1.46417408229075
"2017","W06000012",0.957965090587715,1.22895887738728,1.03563103563104,1.04662236987818,1.08800074313184,1.1469836836189
"2023","W06000013",1.06418808411215,0.972892676685533,1.26183487619478,1.03657034580767,1.02384655261794,1.34485914485914
"2029","W06000014",1.31023117076808,0.993472584856397,1.11396051429776,1.12317582344754,0.879483019630855,1.21683407738095
"2035","W06000015",1.12583513207935,1.10694444444444,1.23300364544755,1.15957590491626,0.98069714176296,1.21096707941845
"2041","W06000016",0.992653725725661,1.07521623094443,0.974117647058824,0.938147343802205,1.35025465395899,0.979489544627862
"2047","W06000018",1.13434415946979,1.14340807174888,1.20392156862745,0.971940744429229,0.944752941176471,1.24781517694904
"2053","W06000019",1.27995324371712,1.15522123893805,1.26644736842105,1.0969539633091,1.1748278684578,0.956428680629873
"2059","W06000020",1.09649935649936,1.01785714285714,0.899390243902439,0.993913628324463,1.06703474764448,1.2811544991511
"2065","W06000021",1.00864263941187,1.42138074347726,0.935630187222544,0.993773349937734,0.889449512197331,0.958617424242424
"2071","W06000022",0.782723325062035,1.12987012987013,0.884277013309271,0.909863104073891,1.06599176045016,1.1425983436853
"2077","W06000023",0.943989320211267,1.19288186014967,0.886873691350379,1.11682031603413,1.18730142846421,1.11107918263091
"2083","W06000024",0.870928717662386,1.55705652328475,0.997001499250375,1.05727452271231,0.879727891156463,0.869867242976227
